{"main":"american-flights-api.raml","name":"American Flights API","organizationId":"bcc92a96-64b7-4dea-901a-368607e44727","groupId":"bcc92a96-64b7-4dea-901a-368607e44727","assetId":"american-flights-api","version":"1.0.4","metadata":{"branchId":"master","commitId":"86741e2ff3f5400cbc4dfa172e7a6b93fe3bfe77","projectId":"e2b56a55-1cdc-48ce-bb5c-a77dc4d9cfc7"},"apiVersion":"v1","classifier":"raml","dependencies":[{"assetId":"training-american-flights-example","groupId":"68ef9520-24e9-4cf2-b2f5-620025690913","version":"1.0.1"},{"assetId":"training-american-flight-data-type","groupId":"68ef9520-24e9-4cf2-b2f5-620025690913","version":"1.0.1"}],"tags":[],"originalFormatVersion":"1.0"}